question,option_a,option_b,option_c,option_d,answer,hint
What is the main purpose of a structured document release process?,To delete old drafts permanmently,To ensure that documents are reviewed and approved before being released,To increase the number of document versions,To allow anyone to edit documents at any time,option_b,What is crucial to control and accuracy?
Who is typically responsible for initiating the document release process?,The external auditor,The Project Manager,The client,The document author or owner,option_d,Who is the last person to check the content before issue?
Why is a formal review period required before document release?,To delay the project timeline, To increase the size of the document,To check for technical accuracy and grammatical errors, To allow for public feedback,option_c,Which step helps to spot any mistakes?
What does "baseline approval" mean in the context of document release?,Authorised stakeholders have reviewed and approved the document,The document has been published online,The document has been archived for future reference,The document is ready for translation,option_a,Will the document have met all the applicable standards?
What happens to previous versions of a document when a new version is officially released?,They are archived and superseeded,They are deleted permanently,They are printed and distributed to all stakeholders,They are sent back to the author for further edits,option_a,Which option would make the most sense to keep a consistant audit trail?
Why is version control important during the document release process?,It prevents people from reading the document,It allows untracked changes,It ensures everybody works from the most accurate and current version,It makes the document look more professional,option_c,What would help to avoid confusion?
What is an "effective date" on a released document?,The date of the last software update,The date the first draft was created,The expiration date of the document,The date the document officially becomes approved and applicable,option_d,In this scenario link effective to official.
How should released documents be distributed in a secure environment?,Published through a controlled and secure document management system,Shared via email,Printed and handed out in person,Posted on a public website,option_a,Need-to-know basis.
What is the goal of annual document reviews after baseline approval?,To permanently delete old documents,To increase storage costs,To change the font and layout of the document,To ensure the document remains relevant and accurate,option_c,Which option is the most accurate and compliant?
Who provides the final approval for a document to be released?,The document author or owner,The designated approver,The Project Manager,The external auditor,option_b,Do any of these options have a higher level of authority?